Original Feature,Importance,Importance (%)
marke,0.979496402671839,97.95
modell,0.020503597328161056,2.05
